1901,64.6,29.2,60.4,43.8,23.9,27.5,82.1,30.7,22,50.2,112,164.2
1902,37.6,44.5,38.4,74.4,75,43.4,51.4,120.4,50.9,81.4,63.6,68.2
1903,90.3,66.4,97.2,48.4,97.4,30.1,58.9,107.8,100.5,182.6,42.8,44.7
1904,80.6,131.7,52.1,60.4,63.1,17.3,50.5,96.1,28.1,17.3,57.2,46.8
1905,35.9,32.4,72,59.5,10.5,77.5,40.6,103,28.9,44.7,99.1,14.9
1906,97.8,76.4,59.5,16,48.9,44.9,36.9,44.1,17.9,141.4,86.4,77.4
1907,35.2,57.6,65.5,56.7,97.3,92.2,53.2,55.9,11.6,136.8,84.4,57
1908,46.3,58.7,80.2,60.2,59.4,39.6,64.8,78.4,39.4,28.9,38.1,51.6
1909,51.8,16.7,108,43.2,50.4,79.4,84.4,55.1,57.3,72.6,17.7,167.5
1910,75,89.5,22.7,61.4,60.8,66.1,45.9,87.9,7.6,58.8,102.2,109.5
1911,31.8,74.3,30.9,35.3,25.1,53.5,3.8,43.8,54.1,55.7,101.3,137.2
1912,128.3,40.7,87.4,12.9,93,98.5,131,144.5,30,72.3,58,100.5
1913,95.5,30.4,110.8,77.7,55.3,20.8,39.7,31.2,76.1,105.2,82,49.3
1914,41,50.2,66.3,33.7,37.6,55.5,63.5,32.5,40.7,57.5,101.4,154.6
1915,90.9,106.4,27,31.2,37.7,39.6,108.2,56.5,16.7,41.4,81.4,198
1916,44.5,136.3,126.3,35.4,67.3,56,30.6,37,38.2,90.7,100.1,78.3
1917,54.2,16.2,64,45.9,43,65.1,26.2,128.6,21.6,101.9,54.6,38.3
1918,66.8,73.1,36.7,34.8,69,14.8,103.7,44.7,178.5,50.2,39.6,116.4
1919,112.3,56.6,114.8,43.6,41.1,13.2,116.4,76.4,63.1,78.1,57.5,136.6
1920,104.9,81,56.8,122.6,79.1,88.1,110.8,22.6,28.6,50.5,29.2,82.7
1921,85.3,8.6,48.6,23.4,31.8,8.4,11.5,121.5,28.4,56.3,48.8,105.7
1922,111.5,81.1,50.9,96.6,20.7,32.1,83.3,197.7,72.6,26,37.3,94.4
1923,36.2,153,46.8,59.2,80.8,19.6,119.6,73.3,59.1,51.8,115.4,69.1
1924,54.2,31.3,21.8,49.1,93.8,40.4,65.6,63.2,89.3,102.3,55.6,73.5
1925,84.8,98.2,24.3,75,94.6,2.2,23.2,79.4,60.8,91.2,62,78.2
1926,83.8,55.6,35.2,45.1,74.1,77.5,62.1,70.2,34.1,78,95,30.7
1927,47.9,38.2,74.6,56.7,33.8,105.4,67.5,127.5,99.8,64.5,84.2,66.7
1928,167.7,104.9,72.2,31.9,31.9,77.2,17.7,64.3,6,122,118.1,57.2
1929,40.5,17.1,3.3,25.9,52.1,38,25.3,47.7,37.3,85.9,153.2,186.2
1930,120.5,22.2,76.2,64.5,38.3,27.1,149.4,62.3,127.9,79.1,83.4,68.3
1931,61,83.4,5.4,83.8,78.3,111.8,104.1,145.2,94.3,20,104.7,35.9
1932,68.6,10.1,41.1,82.2,170.7,17.2,122.1,61,46.3,101.1,59,30
1933,53.1,113.2,64.2,33.8,48,26.7,53,11.5,41.1,128,46.4,14.8
1934,68.7,7.5,77,65.3,33.1,23.3,39.6,27.5,45.1,66.1,50,123.6
1935,38,101.5,39,63.3,9.7,77.2,17,50.7,104.2,128.6,147.6,94.5
1936,81.9,69.5,52.7,39.9,34.5,87.2,93,32.6,64.5,74.3,76.8,67.4
1937,139.3,131.9,84.9,56.5,77.7,27.7,75.3,14.9,50.1,85.5,59.9,95.1
1938,93.9,27.1,7.2,4.8,67.1,50.6,96.1,78.4,58.7,119.8,101.8,84.1
1939,148.9,45,55.4,48.4,49.2,60.3,129.3,61.4,49.3,94.8,136.6,57.7
1940,83.3,63.1,53.4,69.1,28.8,15.1,69.5,7.7,34.2,106.9,173,61.3
1941,125.5,87.7,125.1,46.4,77.6,6,106.2,69.6,8.5,108.8,92.5,28.2
1942,84,31.1,57.1,36,114.3,29.4,52.3,84.8,29.4,67.6,37,58.1
1943,117.6,41.1,33.4,48,69.6,39.3,32.6,61.9,83.2,48.3,59.8,26.5
1944,96.2,50.6,11,58.5,60,56.3,58.2,64.1,111.7,77.3,142.1,61.9
1945,75.2,69.1,13.7,44.5,78.8,80.4,45.3,66.8,20.9,136.8,9.9,42.5
1946,108.1,111.8,32.9,29.2,60.7,85.3,63.9,110.2,113,32,158.2,80.4
1947,85.4,69,141.4,88.5,56.8,68.4,32.8,12.7,35.5,14,72.6,94
1948,165.3,59,26.1,42.1,38.4,72.5,24.2,118.9,37.4,37.1,28,87.6
1949,34.4,38.4,32.5,66.4,41,13.3,114.8,41.6,28,84.2,112.9,105.7
1950,35.7,147.9,25.5,78,38.9,28.4,43.1,84.6,87.1,35.4,119.3,50.6
1951,68.8,92.4,102.5,31.8,100.6,14.7,32.9,133.1,45.1,23.7,199.2,92.9
1952,89.9,19.7,57,40.8,74.4,37.4,32.6,37,70,124.6,50.7,60.4
1953,21.2,54.8,47.8,59.9,61.4,49.5,66.1,79.6,34.8,50.3,44,28.8
1954,70.2,74.5,61.4,7.6,93.8,57.2,49.2,166.7,58,78.7,170.7,95.8
1955,60,69.2,88.1,19,85.5,85.9,30.8,19.3,18.4,60.4,67.2,96.4
1956,154,30.5,26.4,63.5,11.2,82.1,141.7,146.1,83.4,33.1,21.4,107.9
1957,44.8,78.8,58.2,2.2,27.3,31.8,83.2,117.2,98.8,41.6,61.3,88.3
1958,86.4,121.7,49.9,19.7,71.4,126.6,144.6,65.9,85.8,66.8,15.6,110
1959,89.7,2.2,38.4,88.5,26.7,30.7,33.5,18.8,0.6,57.4,106,116.8
1960,137.7,77.9,52.1,38.9,46.4,41.4,64.8,80.6,108.7,179,116.2,91.5
1961,96.1,63.1,14.3,84.1,42.9,33.9,55.7,62.2,53,94.9,42.3,75.5
1962,91.2,57.8,27.8,76.3,78.4,13.5,39.7,94.9,84.4,32,38.5,54.1
1963,46.8,28.3,72,60.3,31.5,99.1,68.6,60.1,79.5,39.4,132.5,18.7
1964,23.1,28.7,122.4,46.1,55.5,70.2,50.8,49.4,20.8,41.8,40.8,93.7
1965,90.1,22.4,74,50,68.2,91.8,58.9,49.2,167.4,27.5,147.5,191.5
1966,41.5,154.2,46.9,140.6,58.8,61.3,44.5,92.9,55.7,101.4,93.9,77.3
1967,49.7,70.9,57.8,32.7,172.6,13.7,40.9,70.3,62.5,115.5,71.4,44.7
1968,67.4,42.8,61.3,54.2,82.8,54.9,112.5,41.8,155.2,63.5,87.3,52.9
1969,85,101,119.9,76.1,99.1,62.5,52.6,48.5,38.9,24.7,163.7,72.7
1970,94.7,104,55.4,106.6,16.9,24.2,39.2,72.9,42.8,47.9,141.4,40.6
1971,69.3,26.7,47.2,84.1,63.5,69.4,86.3,102.2,31.2,92.8,62.6,35.1
1972,92.7,65.9,106.2,56.9,56.6,83.1,55.7,61.2,50.6,14.5,84.9,80.3
1973,39.8,65,15.1,77.5,59.5,44,200.6,58,58.1,63.3,28.8,51.6
1974,79.3,67.3,39.8,12.3,39.5,48.5,67.6,81,90.8,55.9,121.1,71.1
1975,73.2,15.8,58.8,46.9,86.2,11.9,81.9,51.2,34.6,27.2,28.6,43
1976,93.8,33.7,29.5,16.2,79.9,16.6,16.9,17.3,134.9,127.7,32.4,75.3
1977,113.8,201.4,59.7,45,43.5,66.4,9.5,69.2,35.2,45.4,112,82.5
1978,99.4,55.4,73.2,47.3,34.7,90,58.8,48.5,48.8,9.9,50,207.9
1979,82.3,78.6,148,83.1,115.5,34.9,13,79,25,66.4,96.9,137.7
1980,70.9,117.1,100.1,10.6,20.5,132.8,66.9,79,33.2,113.2,81.8,51.7
1981,56.4,89.4,149.9,110.5,65.3,33.4,18.8,57.2,107.8,87.9,70.4,93.6
1982,39.9,20.4,100.1,17.3,23.6,225,14.7,83.5,56.4,54.7,117.5,78.7
1983,98.7,39.9,65.7,121.2,127,7.6,44.4,31.3,120.1,66.9,41.2,142.2
1984,160.2,79.7,52.3,10,55.4,40.9,13.3,81.9,117.6,82.7,124.9,47.6
1985,73,4.6,48.8,69.5,63.4,76.5,46.4,87.9,14.2,33.6,78.2,78
1986,174.1,37.2,67.4,111,94.7,48,25.3,109.9,9.5,85.7,93,142.3
1987,52.9,35.1,89.2,64.6,32.6,140,51.4,45.1,67.2,119.5,53.5,38.2
1988,173.9,81,97.3,44.1,50.4,55.9,106.7,78.6,51.7,88.9,50.5,36
1989,20.6,75.3,77.7,115.5,26,54.1,41.4,36.2,23.3,65.3,42.6,159.1
1990,128.7,115.2,21.6,25.9,18.9,46.4,21.5,40.8,30.4,129.7,47.9,136
1991,86.8,68.5,58.7,67.2,14.4,68.6,51.2,8.5,37,54.3,73.1,78.4
1992,43.6,25.9,73.6,41.8,57.6,52.2,77.7,117.7,71.9,66,129.1,67.4
1993,88.1,10.7,16.7,91.8,70.7,108.3,85.3,29.7,121.4,62.8,56.9,171.4
1994,124.4,75.7,78.1,55.3,65.6,14.6,33.1,45,148.2,57.9,103.3,103.9
1995,157.7,99.2,63.9,24.6,48.1,11.3,22.5,12.1,75.6,21.9,60.5,70.4
1996,57,75.1,52.9,37.7,39.1,29.8,24.5,101.1,27.1,70.6,134.3,98.2
1997,8.5,106.5,22,28.2,77.5,130.9,56.7,108.6,17.5,55.8,93.1,79.4
1998,88.5,9.3,93.5,117.9,26.6,152.4,36.5,46.2,49.2,197.9,49.5,57.9
1999,90.8,44.7,82.8,91.6,51,61,30.1,75.4,113.7,55.3,48.2,135.6
2000,49.8,72,43.3,153.3,63.9,46.6,68.5,46.3,117.8,139.5,167.9,118
2001,42.1,79.4,56.2,80.1,58,43.9,57.5,111.9,67.3,113,27,28
2002,55.9,173.9,34.7,40.7,60.9,30.9,133.8,83.4,49.7,145.3,111.1,129.8
2003,60.7,30.8,38.4,44.6,42.6,111.1,44.9,14,22.7,48.2,55.4,81.8
2004,106.5,50.8,41.3,107,49,68.5,45.8,181,34.6,88.2,36.2,46.3
2005,48,64.6,31.7,82.6,17.5,42.2,84,39.9,89.2,113.1,57.4,56.7
2006,18.6,48.5,100.2,49.4,85,9.8,40.9,90.5,62.4,99.1,66.8,114
2007,146.9,57.5,44.5,5.8,83.8,285.6,113,27.1,28.1,23.3,58.3,74.9
2008,154,48.7,98.8,79.2,43.5,56.7,108.7,82.6,92.4,93.2,60,52.8
2009,47,39.6,44.2,51,81.7,168.2,113.4,46.4,26.8,50,161.6,66.1
2010,48.6,53.6,56.4,24.8,21.2,41.2,68.3,39.6,67.8,65.4,112.7,18.8
2011,49.6,104.2,12.4,11.2,40.2,47.8,18,42,27.8,57.2,37.4,124.6
2012,87.6,26.2,32.6,180.6,48,166.6,107.2,99.2,90.6,61.2,110.6,136
2013,70.4,63.4,63.4,9.2,84.2,37.8,56.6,33.4,47.2,136.2,56.6,69.8
2014,124.2,106.2,48.6,60.4,123.8,45.4,20,67.4,9.6,60.8,95.8,102
